{
  "project_info": {
    "project_number": "1073150266100",
    "firebase_url": "https://royalshield-fbd06-default-rtdb.firebaseio.com",
    "project_id": "royalshield-fbd06",
    "storage_bucket": "royalshield-fbd06.firebasestorage.app"
  },
  "client": [
    {
      "client_info": {
        "mobilesdk_app_id": "1:1073150266100:android:3091a9a3d0eb1392762ca1",
        "android_client_info": {
          "package_name": "com.royalshield.app"
        }
      },
      "oauth_client": [
        {
          "client_id": "1073150266100-gfkvt95bjl3cgdfb6kmrhos2kogmhpgt.apps.googleusercontent.com",
          "client_type": 3
        }
      ],
      "api_key": [
        {
          "current_key": "AIzaSyC8ppwEMHnTdEsgpGLGoC0uhFBX6w_lfcE"
        }
      ],
      "services": {
        "appinvite_service": {
          "other_platform_oauth_client": [
            {
              "client_id": "1073150266100-gfkvt95bjl3cgdfb6kmrhos2kogmhpgt.apps.googleusercontent.com",
              "client_type": 3
            }
          ]
        }
      }
    },
    {
      "client_info": {
        "mobilesdk_app_id": "1:1073150266100:android:29ff59a7ea0be8bb762ca1",
        "android_client_info": {
          "package_name": "royal.shield"
        }
      },
      "oauth_client": [
        {
          "client_id": "1073150266100-gfkvt95bjl3cgdfb6kmrhos2kogmhpgt.apps.googleusercontent.com",
          "client_type": 3
        }
      ],
      "api_key": [
        {
          "current_key": "AIzaSyC8ppwEMHnTdEsgpGLGoC0uhFBX6w_lfcE"
        }
      ],
      "services": {
        "appinvite_service": {
          "other_platform_oauth_client": [
            {
              "client_id": "1073150266100-gfkvt95bjl3cgdfb6kmrhos2kogmhpgt.apps.googleusercontent.com",
              "client_type": 3
            }
          ]
        }
      }
    }
  ],
  "configuration_version": "1"
}